1355843172000,Cable1_789,0.3132
1355846773000,Cable1_789,0.235
1355850374000,Cable1_789,-0.0868
1355853975000,Cable1_789,-0.1724
1355857576000,Cable1_789,-0.038
1355861177000,Cable1_789,-0.1733
1355864778000,Cable1_789,0.0784
1355868379000,Cable1_789,0.1176
1355871980000,Cable1_789,-0.0487
1355875581000,Cable1_789,0.18
1355879182000,Cable1_789,0.4662
1355882783000,Cable1_789,0.3892
1355886384000,Cable1_789,0.0114
1355889985000,Cable1_789,0.3162
1355893586000,Cable1_789,0.2812
1355897187000,Cable1_789,0.3008
1355900788000,Cable1_789,0.5179
1355904389000,Cable1_789,0.5571
1355907990000,Cable1_789,0.2782
1355911591000,Cable1_789,0.2653
1355915192000,Cable1_789,0.3966
1355918793000,Cable1_789,0.38
1355922394000,Cable1_789,0.4218
1355925995000,Cable1_789,0.3122
1355929596000,Cable1_789,0.6002
1355933197000,Cable1_789,0.679
1355936798000,Cable1_789,0.4966
1355940399000,Cable1_789,0.6717
1355944000000,Cable1_789,0.4868
1355947601000,Cable1_789,-0.0339
1355951202000,Cable1_789,0.5763
1355954803000,Cable1_789,0.3677
1355958404000,Cable1_789,0.6232
1355962005000,Cable1_789,0.1759
1355965606000,Cable1_789,0.5951
1355969207000,Cable1_789,0.5049
1355972808000,Cable1_789,0.4258
1355976409000,Cable1_789,0.6872
1355980010000,Cable1_789,0.4274
1355983611000,Cable1_789,0.3151
1355987212000,Cable1_789,0.6386
1355990813000,Cable1_789,0.3633
1355994414000,Cable1_789,0.4354
1355998015000,Cable1_789,0.3146
1356001616000,Cable1_789,0.3825
1356005217000,Cable1_789,0.5448
1356008818000,Cable1_789,0.7699
1356012419000,Cable1_789,0.6735
1356016020000,Cable1_789,0.5627
1356019621000,Cable1_789,0.4422
1356023222000,Cable1_789,0.3858
1356026823000,Cable1_789,0.4754
1356030424000,Cable1_789,0.2015
1356034025000,Cable1_789,0.3429
1356037626000,Cable1_789,0.687
1356041227000,Cable1_789,0.5543
1356044828000,Cable1_789,0.1178
1356048429000,Cable1_789,-0.1386
1356052030000,Cable1_789,0.1067
1356055631000,Cable1_789,0.2938
1356059232000,Cable1_789,0.4466
1356062833000,Cable1_789,0.4865
1356066434000,Cable1_789,0.3161
1356070035000,Cable1_789,0.1803
1356073636000,Cable1_789,0.2657
1356077237000,Cable1_789,0.2849
1356080838000,Cable1_789,0.5996
1356084439000,Cable1_789,0.0259
1356088040000,Cable1_789,0.0751
1356091641000,Cable1_789,0.0236
1356095242000,Cable1_789,0.0559
1356098843000,Cable1_789,0.0006
1356102444000,Cable1_789,0.2634
1356106045000,Cable1_789,0.0495
1356109646000,Cable1_789,0.3847
1356113247000,Cable1_789,0.0873
1356116848000,Cable1_789,0.0477
1356120449000,Cable1_789,0.1344
1356124050000,Cable1_789,0.5027
1356127651000,Cable1_789,0.3295
1356131252000,Cable1_789,0.2086
1356134853000,Cable1_789,0.4775
1356138454000,Cable1_789,0.3604
1356142055000,Cable1_789,0.2946
1356145656000,Cable1_789,0.3331
1356149257000,Cable1_789,0.6921
1356152858000,Cable1_789,0.4853
1356156459000,Cable1_789,0.5244
1356160060000,Cable1_789,0.7114
1356163661000,Cable1_789,0.4919
1356167262000,Cable1_789,0.718
1356170863000,Cable1_789,0.6076
1356174464000,Cable1_789,0.4645
1356178065000,Cable1_789,0.5866
1356181666000,Cable1_789,0.5219
1356185267000,Cable1_789,1.26
1356188868000,Cable1_789,0.9733
1356192469000,Cable1_789,0.7472
1356196070000,Cable1_789,1.189
1356199671000,Cable1_789,0.5245
1356203272000,Cable1_789,1.3083
1356206873000,Cable1_789,0.7418
1356210474000,Cable1_789,1.2305
1356214075000,Cable1_789,1.0482
1356217676000,Cable1_789,0.9848
1356221277000,Cable1_789,0.7639
1356224878000,Cable1_789,0.6705
1356228479000,Cable1_789,0.9942
1356232080000,Cable1_789,1.2707
1356235681000,Cable1_789,0.8009
1356239282000,Cable1_789,1.282
1356242883000,Cable1_789,0.4167
1356246484000,Cable1_789,1.1007
1356250085000,Cable1_789,1.2706
1356253686000,Cable1_789,1.1736
1356257287000,Cable1_789,1.5476
1356260888000,Cable1_789,1.3109
1356264489000,Cable1_789,1.5767
1356268090000,Cable1_789,1.635
1356271691000,Cable1_789,1.8297
1356275292000,Cable1_789,1.8329
1356278893000,Cable1_789,1.4852
1356282494000,Cable1_789,1.7949
1356286095000,Cable1_789,2.1456
1356289696000,Cable1_789,1.9356
1356293297000,Cable1_789,1.7682
1356296898000,Cable1_789,2.4479
1356300499000,Cable1_789,2.4461
1356304100000,Cable1_789,2.5839
1356307701000,Cable1_789,2.4562
1356311302000,Cable1_789,2.1836
1356314903000,Cable1_789,2.2494
1356318504000,Cable1_789,2.4076
1356322105000,Cable1_789,2.8459
1356325706000,Cable1_789,2.609
1356329307000,Cable1_789,2.8614
1356332908000,Cable1_789,2.8026
1356336509000,Cable1_789,2.6309
1356340110000,Cable1_789,2.4179
1356343711000,Cable1_789,2.7563
1356347312000,Cable1_789,2.7231
1356350913000,Cable1_789,3.0061
1356354514000,Cable1_789,2.9587
1356358115000,Cable1_789,2.8441
1356361716000,Cable1_789,3.4605
1356365317000,Cable1_789,3.467
1356368918000,Cable1_789,3.3002
1356372519000,Cable1_789,3.0555
1356376120000,Cable1_789,2.8895
1356379721000,Cable1_789,3.285
1356383322000,Cable1_789,2.8736
1356386923000,Cable1_789,3.2649
1356390524000,Cable1_789,3.1048
1356394125000,Cable1_789,3.2846
1356397726000,Cable1_789,3.2516
1356401327000,Cable1_789,3.313
1356404928000,Cable1_789,3.3602
1356408529000,Cable1_789,3.3948
1356412130000,Cable1_789,3.278
1356415731000,Cable1_789,3.3469
1356419332000,Cable1_789,3.268
1356422933000,Cable1_789,3.3499
1356426534000,Cable1_789,3.4797
1356430135000,Cable1_789,4.1856
1356433736000,Cable1_789,3.4901
1356437337000,Cable1_789,3.3508
1356440938000,Cable1_789,3.6185
1356444539000,Cable1_789,3.9954
1356448140000,Cable1_789,3.5296
1356451741000,Cable1_789,3.8255
1356455342000,Cable1_789,3.7236
1356458943000,Cable1_789,3.5486
1356462544000,Cable1_789,3.4617
1356466145000,Cable1_789,3.6989
1356469746000,Cable1_789,3.9512
1356473347000,Cable1_789,3.7768
1356476948000,Cable1_789,3.9904
1356480549000,Cable1_789,3.9679
1356484150000,Cable1_789,4.1172
1356487751000,Cable1_789,3.7225
1356491352000,Cable1_789,3.9196
1356494953000,Cable1_789,3.7382
1356498554000,Cable1_789,3.6351
1356502155000,Cable1_789,4.1406
1356505756000,Cable1_789,4.1941
1356509357000,Cable1_789,3.2447
1356512958000,Cable1_789,3.9295
1356516559000,Cable1_789,3.7474
1356520160000,Cable1_789,3.5464
1356523761000,Cable1_789,3.6384
1356527362000,Cable1_789,4.1946
1356530963000,Cable1_789,3.9661
1356534564000,Cable1_789,3.9074
1356538165000,Cable1_789,3.8959
1356541766000,Cable1_789,3.6248
1356545367000,Cable1_789,3.6289
1356548968000,Cable1_789,3.5899
1356552569000,Cable1_789,3.4417
1356556170000,Cable1_789,3.4828
1356559771000,Cable1_789,3.5481
1356563372000,Cable1_789,3.6251
1356566973000,Cable1_789,3.5284
1356570574000,Cable1_789,3.5477
1356574175000,Cable1_789,3.3181
1356577776000,Cable1_789,3.6666
1356581377000,Cable1_789,3.4007
1356584978000,Cable1_789,3.5824
1356588579000,Cable1_789,3.3604
1356592180000,Cable1_789,3.2526
1356595781000,Cable1_789,3.3999
1356599382000,Cable1_789,3.5404
1356602983000,Cable1_789,3.7191
1356606584000,Cable1_789,3.5843
1356610185000,Cable1_789,3.5823
1356613786000,Cable1_789,3.93
1356617387000,Cable1_789,3.5758
1356620988000,Cable1_789,3.4802
1356624589000,Cable1_789,3.6059
1356628190000,Cable1_789,3.7152
1356631791000,Cable1_789,3.1447
1356635392000,Cable1_789,3.4481
1356638993000,Cable1_789,3.5172
1356642594000,Cable1_789,3.3843
1356646195000,Cable1_789,3.8616
1356649796000,Cable1_789,3.641
1356653398000,Cable1_789,3.7075
1356656999000,Cable1_789,3.8875
1356660600000,Cable1_789,3.8758
1356664201000,Cable1_789,3.5763
1356667802000,Cable1_789,3.287
1356671403000,Cable1_789,3.0768
1356675004000,Cable1_789,3.468
1356678605000,Cable1_789,3.6377
1356682206000,Cable1_789,2.7784
1356685807000,Cable1_789,3.5463
1356689408000,Cable1_789,3.5296
1356693009000,Cable1_789,3.5718
1356696610000,Cable1_789,3.0982
1356700211000,Cable1_789,3.3988
1356703812000,Cable1_789,3.4577
1356707413000,Cable1_789,2.9816
1356711014000,Cable1_789,3.3816
1356714615000,Cable1_789,3.2216
1356718216000,Cable1_789,3.4275
1356721817000,Cable1_789,3.5007
1356725418000,Cable1_789,3.3674
1356729019000,Cable1_789,3.2842
1356732620000,Cable1_789,3.3588
1356736221000,Cable1_789,3.1842
1356739822000,Cable1_789,3.4863
1356743423000,Cable1_789,3.2452
1356747024000,Cable1_789,3.4007
1356750625000,Cable1_789,3.1514
1356754226000,Cable1_789,3.5497
1356757827000,Cable1_789,3.7289
1356761428000,Cable1_789,3.859
1356765029000,Cable1_789,3.4715
1356768630000,Cable1_789,3.3196
1356772231000,Cable1_789,3.9423
1356775832000,Cable1_789,3.5833
1356779433000,Cable1_789,3.4124
1356783034000,Cable1_789,3.858
1356786635000,Cable1_789,3.8732
1356790236000,Cable1_789,4.0671
1356793837000,Cable1_789,3.9183
1356797438000,Cable1_789,4.0004
1356801039000,Cable1_789,3.8563
1356804640000,Cable1_789,3.9193
1356808241000,Cable1_789,3.8964
1356811842000,Cable1_789,3.9549
1356815443000,Cable1_789,3.7422
1356819044000,Cable1_789,3.8564
1356822645000,Cable1_789,3.7215
1356826246000,Cable1_789,4.3675
1356829847000,Cable1_789,4.315
1356833448000,Cable1_789,4.0743
1356837049000,Cable1_789,3.8431
1356840650000,Cable1_789,4.3919
1356844251000,Cable1_789,4.3982
1356847852000,Cable1_789,4.0031
1356851453000,Cable1_789,4.071
1356855054000,Cable1_789,4.067
1356858655000,Cable1_789,3.6188
1356862256000,Cable1_789,4.0363
1356865857000,Cable1_789,4.2639
1356869458000,Cable1_789,4.1587
1356873059000,Cable1_789,4.2508
1356876660000,Cable1_789,3.7874
1356880261000,Cable1_789,4.2725
1356883862000,Cable1_789,3.9412
1356887463000,Cable1_789,4.0239
1356891064000,Cable1_789,4.06
1356894665000,Cable1_789,3.969
1356898266000,Cable1_789,4.1025
1356901867000,Cable1_789,4.0563
1356905468000,Cable1_789,4.0141
1356909069000,Cable1_789,4.0608
1356912670000,Cable1_789,4.4127
1356916271000,Cable1_789,4.4888
1356919872000,Cable1_789,4.3948
1356923473000,Cable1_789,4.4468
1356927074000,Cable1_789,4.3695
1356930675000,Cable1_789,4.3403
1356934276000,Cable1_789,4.1061
1356937877000,Cable1_789,4.256
1356941478000,Cable1_789,3.9425
1356945079000,Cable1_789,4.1991
1356948680000,Cable1_789,4.3235
1356952281000,Cable1_789,4.002
1356955882000,Cable1_789,4.2545
1356959483000,Cable1_789,4.4266
1356963084000,Cable1_789,4.2832
1356966685000,Cable1_789,4.1625
1356970286000,Cable1_789,4.0789
1356973887000,Cable1_789,4.3079
1356977488000,Cable1_789,4.4322
1356981089000,Cable1_789,4.1814
1356984690000,Cable1_789,4.3895
1356988291000,Cable1_789,4.395
1356991892000,Cable1_789,4.623
1356995493000,Cable1_789,4.2916
1356999094000,Cable1_789,4.4885
1357002695000,Cable1_789,4.4814
1357006296000,Cable1_789,4.7029
1357009897000,Cable1_789,4.6939
1357013498000,Cable1_789,4.655
1357017099000,Cable1_789,4.4772
1357020700000,Cable1_789,4.5744
1357024301000,Cable1_789,4.9212
1357027902000,Cable1_789,4.3515
1357031503000,Cable1_789,4.627
1357035104000,Cable1_789,4.6273
1357038705000,Cable1_789,4.4771
1357042306000,Cable1_789,4.5878
1357045907000,Cable1_789,4.6043
1357049508000,Cable1_789,4.4741
1357053109000,Cable1_789,4.6557
1357056710000,Cable1_789,4.9554
1357060311000,Cable1_789,4.8927
1357063912000,Cable1_789,4.8023
1357067513000,Cable1_789,4.6728
1357071114000,Cable1_789,4.6342
1357074715000,Cable1_789,4.3865
1357078316000,Cable1_789,4.59
1357081917000,Cable1_789,4.2664
1357085518000,Cable1_789,4.6439
1357089119000,Cable1_789,4.4851
1357092720000,Cable1_789,4.5226
1357096321000,Cable1_789,4.4535
1357099922000,Cable1_789,4.2613
1357103523000,Cable1_789,4.2638
1357107124000,Cable1_789,4.5789
1357110725000,Cable1_789,4.1608
1357114326000,Cable1_789,4.48
1357117927000,Cable1_789,4.3313
1357121528000,Cable1_789,3.9939
1357125129000,Cable1_789,4.0905
1357128730000,Cable1_789,4.4093
1357132331000,Cable1_789,4.1003
1357135932000,Cable1_789,3.8972
1357139533000,Cable1_789,3.9374
1357143134000,Cable1_789,3.3931
1357146735000,Cable1_789,4.1087
1357150336000,Cable1_789,3.7502
1357153937000,Cable1_789,3.6416
1357157538000,Cable1_789,3.6696
1357161139000,Cable1_789,3.8144
1357164740000,Cable1_789,3.5831
1357168341000,Cable1_789,3.6838
1357171942000,Cable1_789,3.553
1357175543000,Cable1_789,3.7372
1357179144000,Cable1_789,3.6656
1357182745000,Cable1_789,3.7602
1357186346000,Cable1_789,3.8868
1357189947000,Cable1_789,3.6104
1357193548000,Cable1_789,3.8276
1357197149000,Cable1_789,3.8929
1357200750000,Cable1_789,3.4937
1357204351000,Cable1_789,3.8404
1357207952000,Cable1_789,4.1343
1357211553000,Cable1_789,3.9872
1357215154000,Cable1_789,3.8007
1357218755000,Cable1_789,3.9569
1357222356000,Cable1_789,4.0864
1357225957000,Cable1_789,3.9174
1357229558000,Cable1_789,4.1906
1357233159000,Cable1_789,4.1178
1357236760000,Cable1_789,4.338
1357240361000,Cable1_789,4.2128
1357243962000,Cable1_789,4.0377
1357247563000,Cable1_789,4.2369
1357251164000,Cable1_789,4.2113
1357254765000,Cable1_789,4.1467
1357258366000,Cable1_789,4.2863
1357261967000,Cable1_789,4.4454
1357265568000,Cable1_789,4.4802
1357269169000,Cable1_789,4.4064
1357272770000,Cable1_789,4.6647
1357276371000,Cable1_789,4.7117
1357279972000,Cable1_789,4.6161
1357283573000,Cable1_789,4.6192
1357287174000,Cable1_789,4.6035
1357290775000,Cable1_789,4.68
1357294376000,Cable1_789,5.0433
1357297977000,Cable1_789,4.6365
1357301578000,Cable1_789,4.9572
1357305179000,Cable1_789,5.0733
1357308780000,Cable1_789,5.0828
1357312381000,Cable1_789,4.8866
1357315982000,Cable1_789,4.8872
1357319583000,Cable1_789,5.215
1357323184000,Cable1_789,5.2871
1357326785000,Cable1_789,5.1414
1357330386000,Cable1_789,4.9054
1357333987000,Cable1_789,5.1366
1357337588000,Cable1_789,5.6308
1357341189000,Cable1_789,5.5483
1357344790000,Cable1_789,5.7109
1357348391000,Cable1_789,5.1539
1357351992000,Cable1_789,5.2793
1357355593000,Cable1_789,5.1902
1357359194000,Cable1_789,4.9804
1357362795000,Cable1_789,5.1869
1357366396000,Cable1_789,5.4253
1357369997000,Cable1_789,5.0341
1357373598000,Cable1_789,5.3375
1357377199000,Cable1_789,5.3878
1357380800000,Cable1_789,5.4442
1357384401000,Cable1_789,5.6308
1357388002000,Cable1_789,5.5663
1357391603000,Cable1_789,5.6806
1357395204000,Cable1_789,5.4355
1357398805000,Cable1_789,5.5094
1357402406000,Cable1_789,5.6316
1357406007000,Cable1_789,5.7794
1357409608000,Cable1_789,5.4642
1357413209000,Cable1_789,5.5328
1357416810000,Cable1_789,5.6635
1357420411000,Cable1_789,5.4719
1357424012000,Cable1_789,5.2822
1357427613000,Cable1_789,5.3722
1357431214000,Cable1_789,5.3911
1357434815000,Cable1_789,5.4041
1357438416000,Cable1_789,5.3753
1357442017000,Cable1_789,5.3627
1357445618000,Cable1_789,5.3382
1357449219000,Cable1_789,5.6687
1357452820000,Cable1_789,5.5307
1357456421000,Cable1_789,5.4476
1357460022000,Cable1_789,5.3745
1357463623000,Cable1_789,5.6919
1357467224000,Cable1_789,5.4619
1357470825000,Cable1_789,5.4241
1357474426000,Cable1_789,5.5642
1357478027000,Cable1_789,5.6088
1357481628000,Cable1_789,5.6857
1357485229000,Cable1_789,5.6131
1357488830000,Cable1_789,5.4937
1357492431000,Cable1_789,5.6408
1357496032000,Cable1_789,5.7184
1357499633000,Cable1_789,5.7446
1357503234000,Cable1_789,5.6315
1357506835000,Cable1_789,5.619
1357510436000,Cable1_789,5.4863
1357514037000,Cable1_789,5.4784
1357517638000,Cable1_789,5.6494
1357521239000,Cable1_789,5.5865
1357524840000,Cable1_789,5.5612
1357528441000,Cable1_789,5.6012
1357532042000,Cable1_789,5.363
1357535643000,Cable1_789,5.4562
1357539244000,Cable1_789,5.451
1357542845000,Cable1_789,5.2065
1357546446000,Cable1_789,5.5428
1357550047000,Cable1_789,5.705
1357553648000,Cable1_789,5.7675
1357557249000,Cable1_789,5.5072
1357560850000,Cable1_789,5.3287
1357564451000,Cable1_789,5.3085
1357568052000,Cable1_789,5.4383
1357571653000,Cable1_789,5.8645
1357575254000,Cable1_789,5.4382
1357578855000,Cable1_789,5.6037
1357582456000,Cable1_789,5.7072
1357586057000,Cable1_789,5.7206
1357589658000,Cable1_789,5.8278
1357593259000,Cable1_789,5.6698
1357596860000,Cable1_789,5.6952
1357600461000,Cable1_789,5.7621
1357604062000,Cable1_789,5.814
1357607663000,Cable1_789,6.0834
1357611264000,Cable1_789,5.9573
1357614865000,Cable1_789,6.0338
1357618466000,Cable1_789,5.5533
1357622067000,Cable1_789,5.5526
1357625668000,Cable1_789,5.5735
1357629269000,Cable1_789,5.4432
1357632870000,Cable1_789,5.6355
1357636471000,Cable1_789,5.7726
1357640072000,Cable1_789,5.7947
1357643673000,Cable1_789,5.6846
1357647274000,Cable1_789,5.7433
1357650875000,Cable1_789,5.5847
1357654476000,Cable1_789,5.3929
1357658077000,Cable1_789,5.4992
1357661678000,Cable1_789,5.4387
1357665279000,Cable1_789,5.451
1357668880000,Cable1_789,5.5138
1357672481000,Cable1_789,5.5939
1357676082000,Cable1_789,5.5823
1357679683000,Cable1_789,5.5834
1357683284000,Cable1_789,5.825
1357686885000,Cable1_789,5.5084
1357690486000,Cable1_789,5.4952
1357694087000,Cable1_789,5.452
1357697688000,Cable1_789,5.6087
1357701289000,Cable1_789,5.359
1357704890000,Cable1_789,5.1868
1357708491000,Cable1_789,5.4364
1357712092000,Cable1_789,5.4522
1357715693000,Cable1_789,5.6535
1357719294000,Cable1_789,5.3308
1357722895000,Cable1_789,5.5961
1357726496000,Cable1_789,5.3865
1357730097000,Cable1_789,5.5997
1357733698000,Cable1_789,5.5874
1357737299000,Cable1_789,5.6713
1357740900000,Cable1_789,5.4038
1357744501000,Cable1_789,5.2391
1357748102000,Cable1_789,5.3636
1357751703000,Cable1_789,5.6451
1357755304000,Cable1_789,5.2141
1357758905000,Cable1_789,5.3399
1357762506000,Cable1_789,5.7758
1357766107000,Cable1_789,5.8124
1357769708000,Cable1_789,5.38
1357773309000,Cable1_789,5.6569
1357776910000,Cable1_789,5.4773
1357780511000,Cable1_789,5.2778
1357784112000,Cable1_789,5.0984
1357787713000,Cable1_789,5.0969
1357791314000,Cable1_789,5.1374
1357794915000,Cable1_789,5.1449
1357798516000,Cable1_789,5.2051
1357802117000,Cable1_789,5.0497
1357805718000,Cable1_789,5.2486
1357809319000,Cable1_789,5.0673
1357812920000,Cable1_789,4.7921
1357816521000,Cable1_789,4.9822
1357820122000,Cable1_789,4.9394
1357823723000,Cable1_789,4.8528
1357827324000,Cable1_789,5.1433
1357830925000,Cable1_789,5.5756
1357834526000,Cable1_789,5.4516
1357838127000,Cable1_789,5.162
1357841728000,Cable1_789,5.0211
1357845329000,Cable1_789,4.9277
1357848930000,Cable1_789,4.975
1357852531000,Cable1_789,5.1681
1357856132000,Cable1_789,5.0753
1357859733000,Cable1_789,4.8148
1357863334000,Cable1_789,4.6722
1357866935000,Cable1_789,4.8512
1357870536000,Cable1_789,4.9996
1357874137000,Cable1_789,4.6397
1357877738000,Cable1_789,4.7916
1357881339000,Cable1_789,4.6415
1357884940000,Cable1_789,4.5707
1357888541000,Cable1_789,4.7475
1357892142000,Cable1_789,4.5881
1357895743000,Cable1_789,4.679
1357899344000,Cable1_789,4.2303
1357902945000,Cable1_789,4.4888
1357906546000,Cable1_789,4.3082
1357910147000,Cable1_789,4.3745
1357913748000,Cable1_789,3.9899
1357917349000,Cable1_789,3.9326
1357920950000,Cable1_789,3.939
1357924551000,Cable1_789,4.2787
1357928152000,Cable1_789,3.6517
1357931753000,Cable1_789,4.1393
1357935354000,Cable1_789,3.808
1357938955000,Cable1_789,3.7551
1357942556000,Cable1_789,3.6385
1357946157000,Cable1_789,3.8132
1357949758000,Cable1_789,3.6732
1357953359000,Cable1_789,3.4145
1357956960000,Cable1_789,3.6548
1357960561000,Cable1_789,3.6915
1357964162000,Cable1_789,3.5917
1357967763000,Cable1_789,3.3986
1357971364000,Cable1_789,3.3379
1357974965000,Cable1_789,3.6468
1357978566000,Cable1_789,3.3551
1357982167000,Cable1_789,3.5814
1357985768000,Cable1_789,3.0854
1357989369000,Cable1_789,3.1137
1357992970000,Cable1_789,2.805
1357996571000,Cable1_789,2.835
1358000172000,Cable1_789,3.1422
1358003773000,Cable1_789,3.6133
1358007374000,Cable1_789,3.4171
1358010975000,Cable1_789,2.801
1358014576000,Cable1_789,2.9902
1358018177000,Cable1_789,2.8889
1358021778000,Cable1_789,3.0395
1358025379000,Cable1_789,2.7612
1358028980000,Cable1_789,2.5598
1358032581000,Cable1_789,3.0055
1358036182000,Cable1_789,2.6433
1358039783000,Cable1_789,2.501
1358043384000,Cable1_789,2.3598
1358046985000,Cable1_789,2.6079
1358050586000,Cable1_789,2.8292
1358054187000,Cable1_789,2.1645
1358057788000,Cable1_789,2.4165
1358061389000,Cable1_789,2.1142
1358064990000,Cable1_789,2.1085
1358068591000,Cable1_789,2.0539
1358072192000,Cable1_789,1.9619
1358075793000,Cable1_789,2.1063
1358079394000,Cable1_789,1.7598
1358082995000,Cable1_789,2.0243
1358086596000,Cable1_789,1.966
1358090197000,Cable1_789,2.0388
1358093798000,Cable1_789,1.6396
1358097399000,Cable1_789,1.6912
1358101000000,Cable1_789,1.3441
1358104601000,Cable1_789,1.5791
1358108202000,Cable1_789,1.1692
1358111803000,Cable1_789,1.3305
1358115404000,Cable1_789,1.558
1358119005000,Cable1_789,1.3435
1358122606000,Cable1_789,1.0452
1358126207000,Cable1_789,1.2893
1358129808000,Cable1_789,1.1356
1358133409000,Cable1_789,1.1943
1358137010000,Cable1_789,0.6251
1358140611000,Cable1_789,1.1374
1358144212000,Cable1_789,0.8574
1358147813000,Cable1_789,0.5767
1358151414000,Cable1_789,0.5502
1358155015000,Cable1_789,0.9752
1358158616000,Cable1_789,0.6512
1358162217000,Cable1_789,0.5961
1358165818000,Cable1_789,0.5043
1358169419000,Cable1_789,0.5165
1358173020000,Cable1_789,0.3836
1358176621000,Cable1_789,0.6867
1358180222000,Cable1_789,0.6337
1358183823000,Cable1_789,0.8974
1358187424000,Cable1_789,0.3833
1358191025000,Cable1_789,0.228
1358194626000,Cable1_789,0.4301
1358198227000,Cable1_789,0.4535
1358201828000,Cable1_789,0.0158
1358205429000,Cable1_789,-0.1115
1358209030000,Cable1_789,-0.3287
1358212631000,Cable1_789,0.024
1358216232000,Cable1_789,0.3475
1358219833000,Cable1_789,0.3391
1358223434000,Cable1_789,0.1175
1358227035000,Cable1_789,-0.2426
1358230636000,Cable1_789,-0.1213
1358234237000,Cable1_789,-0.3504
1358237838000,Cable1_789,-0.2306
1358241439000,Cable1_789,0.0171
1358245040000,Cable1_789,-0.2127
1358248641000,Cable1_789,-0.229
1358252242000,Cable1_789,-0.7256
1358255843000,Cable1_789,-0.49
1358259444000,Cable1_789,-0.1026
1358263045000,Cable1_789,-0.7724
1358266646000,Cable1_789,-0.5753
1358270247000,Cable1_789,-0.1771
1358273848000,Cable1_789,-0.5247
1358277449000,Cable1_789,-0.1865
1358281050000,Cable1_789,-1.0486
1358284651000,Cable1_789,-0.9537
1358288252000,Cable1_789,-0.6709
1358291853000,Cable1_789,-0.8202
1358295454000,Cable1_789,-0.9436
1358299055000,Cable1_789,-1.0321
1358302656000,Cable1_789,-0.6818
1358306257000,Cable1_789,-1.1622
1358309858000,Cable1_789,-0.939
1358313459000,Cable1_789,-0.8664
1358317060000,Cable1_789,-0.6724
1358320661000,Cable1_789,-0.7867
1358324262000,Cable1_789,-1.0776
1358327863000,Cable1_789,-1.1575
1358331464000,Cable1_789,-1.2976
1358335065000,Cable1_789,-1.402
1358338666000,Cable1_789,-1.5461
1358342267000,Cable1_789,-1.2965
1358345868000,Cable1_789,-1.0617
1358349469000,Cable1_789,-0.9392
1358353070000,Cable1_789,-1.357
1358356671000,Cable1_789,-1.4588
1358360272000,Cable1_789,-1.3506
1358363873000,Cable1_789,-1.2248
1358367474000,Cable1_789,-1.3555
1358371075000,Cable1_789,-1.5569
1358374676000,Cable1_789,-1.4971
1358378277000,Cable1_789,-1.5625
1358381878000,Cable1_789,-1.313
1358385479000,Cable1_789,-1.494
1358389080000,Cable1_789,-1.4546
1358392681000,Cable1_789,-1.5466
1358396282000,Cable1_789,-1.6897
1358399883000,Cable1_789,-1.6582
1358403484000,Cable1_789,-1.6644
1358407085000,Cable1_789,-1.708
1358410686000,Cable1_789,-1.6448
1358414287000,Cable1_789,-1.5457
1358417888000,Cable1_789,-1.7421
1358421489000,Cable1_789,-1.9551
1358425090000,Cable1_789,-1.8708
1358428691000,Cable1_789,-1.8104
1358432292000,Cable1_789,-1.8096
1358435893000,Cable1_789,-1.9936
1358439494000,Cable1_789,-2.024
1358443095000,Cable1_789,-1.8324
1358446696000,Cable1_789,-1.4459
1358450297000,Cable1_789,-1.3317
1358453898000,Cable1_789,-1.7627
1358457499000,Cable1_789,-1.4411
1358461100000,Cable1_789,-1.8052
1358464701000,Cable1_789,-2.0907
1358468302000,Cable1_789,-1.7112
1358471903000,Cable1_789,-1.692
1358475504000,Cable1_789,-1.5752
1358479105000,Cable1_789,-1.7746
1358482706000,Cable1_789,-1.8429
1358486307000,Cable1_789,-1.9015
1358489908000,Cable1_789,-1.8102
1358493509000,Cable1_789,-2.1954
1358497110000,Cable1_789,-2.0068
1358500711000,Cable1_789,-1.9294
1358504312000,Cable1_789,-1.8281
1358507913000,Cable1_789,-1.7184
1358511514000,Cable1_789,-1.8195
1358515115000,Cable1_789,-1.9599
1358518716000,Cable1_789,-2.038
1358522317000,Cable1_789,-2.0965
1358525918000,Cable1_789,-2.2357
1358529519000,Cable1_789,-2.1777
1358533120000,Cable1_789,-2.0463
1358536721000,Cable1_789,-2.1744
1358540322000,Cable1_789,-2.2706
1358543923000,Cable1_789,-2.2217
1358547524000,Cable1_789,-2.0364
1358551125000,Cable1_789,-2.1053
1358554726000,Cable1_789,-2.2008
1358558327000,Cable1_789,-2.1168
1358561928000,Cable1_789,-2.2446
1358565529000,Cable1_789,-2.2415
1358569130000,Cable1_789,-2.3092
1358572731000,Cable1_789,-2.1063
1358576332000,Cable1_789,-2.5147
1358579933000,Cable1_789,-2.4398
1358583534000,Cable1_789,-2.5321
1358587135000,Cable1_789,-2.411
1358590736000,Cable1_789,-2.4803
1358594337000,Cable1_789,-2.6192
1358597938000,Cable1_789,-2.5164
1358601539000,Cable1_789,-2.2178
1358605140000,Cable1_789,-2.1699
1358608741000,Cable1_789,-2.2435
1358612342000,Cable1_789,-2.2566
1358615943000,Cable1_789,-2.2434
1358619544000,Cable1_789,-2.3622
1358623145000,Cable1_789,-2.3263
1358626746000,Cable1_789,-2.5065
1358630347000,Cable1_789,-2.2656
1358633948000,Cable1_789,-2.3845
1358637549000,Cable1_789,-2.3901
1358641150000,Cable1_789,-2.4834
1358644751000,Cable1_789,-2.4876
1358648352000,Cable1_789,-2.7243
1358651953000,Cable1_789,-2.5309
1358655554000,Cable1_789,-2.5902
1358659155000,Cable1_789,-2.6801
1358662756000,Cable1_789,-2.6462
1358666357000,Cable1_789,-2.4903
1358669958000,Cable1_789,-2.6653
1358673559000,Cable1_789,-2.9034
1358677160000,Cable1_789,-2.7461
1358680761000,Cable1_789,-2.7526
1358684362000,Cable1_789,-2.6169
1358687963000,Cable1_789,-2.6615
1358691564000,Cable1_789,-2.6347
1358695165000,Cable1_789,-2.7024
1358698766000,Cable1_789,-2.7596
1358702367000,Cable1_789,-2.8259
1358705968000,Cable1_789,-2.377
1358709569000,Cable1_789,-2.9374
1358713170000,Cable1_789,-2.8589
1358716771000,Cable1_789,-3.2018
1358720372000,Cable1_789,-2.9461
1358723973000,Cable1_789,-2.7553
1358727574000,Cable1_789,-2.7663
1358731175000,Cable1_789,-2.9291
1358734776000,Cable1_789,-2.9931
1358738377000,Cable1_789,-3.0491
1358741978000,Cable1_789,-2.7379
1358745579000,Cable1_789,-2.6438
1358749180000,Cable1_789,-2.9896
1358752781000,Cable1_789,-2.9567
1358756382000,Cable1_789,-2.3489
1358759983000,Cable1_789,-2.6583
1358763584000,Cable1_789,-2.9141
1358767185000,Cable1_789,-2.8955
1358770786000,Cable1_789,-3.1378
1358774387000,Cable1_789,-2.8267
1358777988000,Cable1_789,-2.8552
1358781589000,Cable1_789,-2.9613
1358785190000,Cable1_789,-3.0172
1358788791000,Cable1_789,-3.1231
1358792392000,Cable1_789,-3.161
1358795993000,Cable1_789,-3.0128
1358799594000,Cable1_789,-3.0565
1358803195000,Cable1_789,-3.0633
1358806796000,Cable1_789,-2.9351
1358810397000,Cable1_789,-2.9588
1358813998000,Cable1_789,-3.2061
1358817599000,Cable1_789,-3.2845
1358821200000,Cable1_789,-2.9538
1358824801000,Cable1_789,-3.5455
1358828402000,Cable1_789,-3.3975
1358832003000,Cable1_789,-3.3326
1358835604000,Cable1_789,-3.323
1358839205000,Cable1_789,-3.2529
1358842806000,Cable1_789,-3.0281
1358846407000,Cable1_789,-3.1477
1358850008000,Cable1_789,-2.9494
1358853609000,Cable1_789,-3.2624
1358857210000,Cable1_789,-3.3233
1358860811000,Cable1_789,-3.0316
1358864412000,Cable1_789,-4.0113
1358868013000,Cable1_789,-3.4732
1358871614000,Cable1_789,-3.9958
1358875215000,Cable1_789,-3.1673
1358878816000,Cable1_789,-3.2723
1358882417000,Cable1_789,-2.9599
1358886018000,Cable1_789,-3.1264
1358889619000,Cable1_789,-3.2558
1358893220000,Cable1_789,-3.0897
1358896821000,Cable1_789,-3.447
1358900422000,Cable1_789,-3.3768
1358904023000,Cable1_789,-3.5994
1358907624000,Cable1_789,-3.5636
1358911225000,Cable1_789,-3.12
1358914826000,Cable1_789,-3.5545
1358918427000,Cable1_789,-3.5364
1358922028000,Cable1_789,-3.8893
1358925629000,Cable1_789,-3.6165
1358929230000,Cable1_789,-3.5597
1358932831000,Cable1_789,-4.0024
1358936432000,Cable1_789,-3.7331
1358940033000,Cable1_789,-4.1454
1358943634000,Cable1_789,-3.9396
1358947235000,Cable1_789,-4.2727
1358950836000,Cable1_789,-3.8
1358954437000,Cable1_789,-3.6954
1358958038000,Cable1_789,-3.5933
1358961639000,Cable1_789,-3.9864
1358965240000,Cable1_789,-3.6202
1358968841000,Cable1_789,-3.5096
1358972442000,Cable1_789,-3.5211
1358976043000,Cable1_789,-3.2273
1358979644000,Cable1_789,-3.4596
1358983245000,Cable1_789,-3.6858
1358986846000,Cable1_789,-3.7221
1358990447000,Cable1_789,-3.3487
1358994048000,Cable1_789,-3.7623
1358997649000,Cable1_789,-3.8267
1359001250000,Cable1_789,-3.5239
1359004851000,Cable1_789,-3.152
1359008452000,Cable1_789,-2.9056
1359012054000,Cable1_789,-3.7837
1359015655000,Cable1_789,-3.5298
1359019256000,Cable1_789,-3.8366
1359022857000,Cable1_789,-3.9362
1359026458000,Cable1_789,-4.0397
1359030059000,Cable1_789,-3.8378
1359033660000,Cable1_789,-3.4909
1359037261000,Cable1_789,-3.8216
1359040862000,Cable1_789,-3.9344
1359044463000,Cable1_789,-3.8333
1359048064000,Cable1_789,-4.0081
1359051665000,Cable1_789,-4.123
1359055266000,Cable1_789,-4.1893
1359058867000,Cable1_789,-3.9615
1359062468000,Cable1_789,-4.1614
1359066069000,Cable1_789,-4.174
1359069670000,Cable1_789,-4.1043
1359073271000,Cable1_789,-3.5543
1359076872000,Cable1_789,-3.8164
1359080473000,Cable1_789,-3.9058
1359084074000,Cable1_789,-3.8125
1359087675000,Cable1_789,-3.8418
1359091276000,Cable1_789,-4.2048
1359094877000,Cable1_789,-3.8241
1359098479000,Cable1_789,-4.2312
1359102080000,Cable1_789,-3.7786
1359105681000,Cable1_789,-4.0737
1359109282000,Cable1_789,-3.9753
1359112883000,Cable1_789,-4.0942
1359116484000,Cable1_789,-4.2039
1359120085000,Cable1_789,-3.8661
1359123686000,Cable1_789,-4.0362
1359127287000,Cable1_789,-3.712
1359130888000,Cable1_789,-3.5677
1359134489000,Cable1_789,-3.9908
1359138090000,Cable1_789,-3.8137
1359141691000,Cable1_789,-4.091
1359145292000,Cable1_789,-4.006
1359148894000,Cable1_789,-4.1064
1359152495000,Cable1_789,-3.9703
1359156096000,Cable1_789,-4.4547
1359159697000,Cable1_789,-4.1773
1359163298000,Cable1_789,-4.1885
1359166899000,Cable1_789,-4.255
1359170500000,Cable1_789,-4.3025
1359174101000,Cable1_789,-4.2161
1359177702000,Cable1_789,-4.5289
1359181303000,Cable1_789,-4.7362
1359184904000,Cable1_789,-4.3293
1359188505000,Cable1_789,-4.4288
1359192106000,Cable1_789,-4.5898
1359195707000,Cable1_789,-4.3896
1359199308000,Cable1_789,-4.5269
1359202909000,Cable1_789,-4.686
1359206510000,Cable1_789,-3.9849
1359210111000,Cable1_789,-4.2821
1359213712000,Cable1_789,-4.0585
1359217313000,Cable1_789,-4.4385
1359220914000,Cable1_789,-4.6307
1359224515000,Cable1_789,-4.4151
1359228116000,Cable1_789,-4.5879
1359231717000,Cable1_789,-4.3878
1359235318000,Cable1_789,-4.6302
1359238919000,Cable1_789,-4.4347
1359242520000,Cable1_789,-4.6685
1359246121000,Cable1_789,-4.5679
1359249722000,Cable1_789,-4.4944
1359253323000,Cable1_789,-4.5278
1359256924000,Cable1_789,-4.3721
1359260525000,Cable1_789,-4.5107
1359264126000,Cable1_789,-4.1851
1359267727000,Cable1_789,-4.3441
1359271328000,Cable1_789,-4.6453
1359274929000,Cable1_789,-4.6557
1359278530000,Cable1_789,-4.7022
1359282131000,Cable1_789,-4.6281
1359285732000,Cable1_789,-4.7125
1359289333000,Cable1_789,-4.6375
1359292934000,Cable1_789,-4.8738
1359296535000,Cable1_789,-4.6372
1359300136000,Cable1_789,-4.4128
1359303737000,Cable1_789,-4.4924
1359307338000,Cable1_789,-4.4052
1359310939000,Cable1_789,-4.6204
1359314540000,Cable1_789,-4.4394
1359318141000,Cable1_789,-4.5342
1359321742000,Cable1_789,-4.4743
1359325343000,Cable1_789,-4.2214
1359328944000,Cable1_789,-4.2033
1359332545000,Cable1_789,-4.3458
1359336146000,Cable1_789,-4.1198
1359339747000,Cable1_789,-4.5639
1359343348000,Cable1_789,-4.9084
1359346949000,Cable1_789,-4.3944
1359350550000,Cable1_789,-4.5359
1359354151000,Cable1_789,-4.4278
1359357752000,Cable1_789,-5.0435
1359361353000,Cable1_789,-4.3916
1359364954000,Cable1_789,-4.9301
1359368555000,Cable1_789,-4.7855
1359372156000,Cable1_789,-4.8028
1359375757000,Cable1_789,-4.6178
1359379358000,Cable1_789,-4.7376
1359382959000,Cable1_789,-4.6485
1359386560000,Cable1_789,-4.6011
1359390161000,Cable1_789,-4.4014
1359393762000,Cable1_789,-5.1406
1359397363000,Cable1_789,-4.4357
1359400964000,Cable1_789,-4.6381
1359404565000,Cable1_789,-4.3378
1359408166000,Cable1_789,-4.8874
1359411767000,Cable1_789,-5.1436
1359415368000,Cable1_789,-4.9198
1359418969000,Cable1_789,-4.6506
1359422570000,Cable1_789,-4.4639
1359426171000,Cable1_789,-4.5028
1359429772000,Cable1_789,-4.2004
1359433373000,Cable1_789,-4.4031
1359436974000,Cable1_789,-4.4799
1359440575000,Cable1_789,-4.3448
1359444176000,Cable1_789,-4.4004
1359447777000,Cable1_789,-4.8321
1359451378000,Cable1_789,-4.7746
1359454979000,Cable1_789,-4.8705
1359458580000,Cable1_789,-4.4457
1359462181000,Cable1_789,-4.6297
1359465782000,Cable1_789,-5.036
1359469383000,Cable1_789,-4.5685
1359472984000,Cable1_789,-4.5435
1359476585000,Cable1_789,-4.3785
1359480186000,Cable1_789,-4.1765
1359483787000,Cable1_789,-4.2506
1359487388000,Cable1_789,-4.7447
1359490989000,Cable1_789,-4.5666
1359494590000,Cable1_789,-4.5662
1359498191000,Cable1_789,-4.5628
1359501792000,Cable1_789,-4.4437
1359505393000,Cable1_789,-4.5214
1359508994000,Cable1_789,-4.01
1359512595000,Cable1_789,-4.2136
1359516196000,Cable1_789,-3.8532
1359519797000,Cable1_789,-3.8711
1359523398000,Cable1_789,-4.0015
1359526999000,Cable1_789,-4.0357
1359530600000,Cable1_789,-4.1793
1359534201000,Cable1_789,-3.5841
1359537802000,Cable1_789,-3.5794
1359541403000,Cable1_789,-3.9365
1359545004000,Cable1_789,-3.7129
1359548605000,Cable1_789,-3.4914
1359552206000,Cable1_789,-3.5763
1359555807000,Cable1_789,-3.0099
1359559408000,Cable1_789,-3.2243
1359563009000,Cable1_789,-3.2495
1359566610000,Cable1_789,-3.1696
1359570211000,Cable1_789,-2.8278
1359573812000,Cable1_789,-2.5373
1359577413000,Cable1_789,-2.6227
1359581014000,Cable1_789,-2.3408
1359584615000,Cable1_789,-2.612
1359588216000,Cable1_789,-2.2815
1359591817000,Cable1_789,-2.4673
1359595418000,Cable1_789,-2.1356
1359599019000,Cable1_789,-2.2508
1359602620000,Cable1_789,-2.0998
1359606221000,Cable1_789,-2.2544
1359609822000,Cable1_789,-2.5274
1359613423000,Cable1_789,-1.8669
1359617024000,Cable1_789,-2.1055
1359620625000,Cable1_789,-2.2501
1359624226000,Cable1_789,-2.1689
1359627827000,Cable1_789,-2.3841
1359631428000,Cable1_789,-2.316
1359635029000,Cable1_789,-2.12
1359638630000,Cable1_789,-1.9308
1359642231000,Cable1_789,-2.1008
1359645832000,Cable1_789,-1.8303
1359649433000,Cable1_789,-1.5577
1359653034000,Cable1_789,-1.774
1359656635000,Cable1_789,-1.5116
1359660236000,Cable1_789,-1.9032
1359663837000,Cable1_789,-1.9042
1359667438000,Cable1_789,-1.6973
1359671039000,Cable1_789,-1.9026
1359674640000,Cable1_789,-1.7409
1359678241000,Cable1_789,-1.5046
1359681842000,Cable1_789,-1.4991
1359685443000,Cable1_789,-1.4533
1359689044000,Cable1_789,-1.4751
1359692645000,Cable1_789,-1.4706
1359696246000,Cable1_789,-1.5788
1359699847000,Cable1_789,-1.5688
1359703448000,Cable1_789,-1.2934
1359707049000,Cable1_789,-1.4287
1359710650000,Cable1_789,-1.6241
1359714251000,Cable1_789,-1.4454
1359717852000,Cable1_789,-1.5333
1359721453000,Cable1_789,-1.3359
1359725054000,Cable1_789,-1.3042
1359728655000,Cable1_789,-1.5412
1359732256000,Cable1_789,-1.5273
1359735857000,Cable1_789,-1.2694
1359739458000,Cable1_789,-1.2319
1359743059000,Cable1_789,-1.5873
1359746660000,Cable1_789,-1.14
1359750261000,Cable1_789,-1.5629
1359753862000,Cable1_789,-1.4724
1359757463000,Cable1_789,-1.1037
1359761064000,Cable1_789,-1.2398
1359764665000,Cable1_789,-1.264
1359768266000,Cable1_789,-0.9341
1359771867000,Cable1_789,-1.1704
1359775468000,Cable1_789,-1.0415
1359779069000,Cable1_789,-0.9456
1359782670000,Cable1_789,-1.1453
1359786271000,Cable1_789,-1.0969
1359789872000,Cable1_789,-1.2654
1359793473000,Cable1_789,-1.3117
1359797074000,Cable1_789,-1.3395
1359800675000,Cable1_789,-1.625
1359804276000,Cable1_789,-1.6073
1359807877000,Cable1_789,-1.4544
1359811478000,Cable1_789,-1.1425
1359815079000,Cable1_789,-1.1974
1359818680000,Cable1_789,-1.2998
1359822281000,Cable1_789,-1.6953
1359825882000,Cable1_789,-1.7229
1359829483000,Cable1_789,-1.4456
1359833084000,Cable1_789,-1.5797
1359836685000,Cable1_789,-1.5636
1359840286000,Cable1_789,-1.6173
1359843887000,Cable1_789,-1.4381
1359847488000,Cable1_789,-1.7938
1359851089000,Cable1_789,-1.726
1359854690000,Cable1_789,-1.5018
1359858291000,Cable1_789,-1.7006
1359861892000,Cable1_789,-1.6247
1359865493000,Cable1_789,-1.5713
1359869094000,Cable1_789,-1.9196
1359872695000,Cable1_789,-1.8465
1359876296000,Cable1_789,-1.9461
1359879897000,Cable1_789,-1.7503
1359883498000,Cable1_789,-1.7349
1359887099000,Cable1_789,-1.6869
1359890700000,Cable1_789,-1.4343
1359894301000,Cable1_789,-1.7955
1359897902000,Cable1_789,-2.002
1359901503000,Cable1_789,-1.6103
1359905104000,Cable1_789,-1.6877
1359908705000,Cable1_789,-1.5636
1359912306000,Cable1_789,-1.9266
1359915907000,Cable1_789,-1.7278
1359919508000,Cable1_789,-1.4051
1359923109000,Cable1_789,-1.8663
1359926710000,Cable1_789,-2.2554
1359930311000,Cable1_789,-1.8822
1359933912000,Cable1_789,-1.7948
1359937513000,Cable1_789,-2.0402
1359941114000,Cable1_789,-2.0328
1359944715000,Cable1_789,-1.691
1359948316000,Cable1_789,-1.4909
1359951917000,Cable1_789,-1.5073
1359955518000,Cable1_789,-1.8087
1359959119000,Cable1_789,-1.6902
1359962720000,Cable1_789,-1.6149
1359966321000,Cable1_789,-1.794
1359969922000,Cable1_789,-1.5595
1359973523000,Cable1_789,-1.7068
1359977124000,Cable1_789,-1.5775
1359980725000,Cable1_789,-1.1415
1359984326000,Cable1_789,-1.2818
1359987927000,Cable1_789,-1.419
1359991528000,Cable1_789,-1.0197
1359995129000,Cable1_789,-0.8437
1359998730000,Cable1_789,-1.2334
1360002331000,Cable1_789,-1.0424
1360005932000,Cable1_789,-0.9873
1360009533000,Cable1_789,-0.9845
1360013134000,Cable1_789,-1.0119
1360016735000,Cable1_789,-1.0522
1360020336000,Cable1_789,-0.9292
1360023937000,Cable1_789,-0.9295
1360027538000,Cable1_789,-0.674
1360031139000,Cable1_789,-0.7915
1360034740000,Cable1_789,-0.9153
1360038341000,Cable1_789,-0.785
1360041942000,Cable1_789,-1.1197
1360045543000,Cable1_789,-0.7413
1360049144000,Cable1_789,-0.9579
1360052745000,Cable1_789,-0.8193
1360056346000,Cable1_789,-0.8004
1360059947000,Cable1_789,-0.9201
1360063548000,Cable1_789,-0.6821
1360067149000,Cable1_789,-0.5474
1360070750000,Cable1_789,-0.9712
1360074351000,Cable1_789,-0.5602
1360077952000,Cable1_789,-0.3707
1360081553000,Cable1_789,-0.5949
1360085154000,Cable1_789,-0.0504
1360088755000,Cable1_789,-0.7985
1360092356000,Cable1_789,-0.9943
1360095957000,Cable1_789,-0.8831
1360099558000,Cable1_789,-1.3141
1360103159000,Cable1_789,-1.1593
1360106760000,Cable1_789,-0.699
1360110361000,Cable1_789,-1.1908
1360113962000,Cable1_789,-1.2188
1360117563000,Cable1_789,-0.879
1360121164000,Cable1_789,-0.6823
1360124765000,Cable1_789,-1.0302
1360128366000,Cable1_789,-0.6988
1360131967000,Cable1_789,-1.2447
1360135568000,Cable1_789,-1.2205
1360139169000,Cable1_789,-1.0649
1360142770000,Cable1_789,-0.9381
1360146371000,Cable1_789,-1.184
1360149972000,Cable1_789,-0.5704
1360153573000,Cable1_789,-1.4274
1360157174000,Cable1_789,-1.7395
1360160775000,Cable1_789,-1.2499
1360164376000,Cable1_789,-1.6819
1360167977000,Cable1_789,-1.2501
1360171578000,Cable1_789,-1.4336
1360175179000,Cable1_789,-1.8389
1360178780000,Cable1_789,-1.4612
1360182381000,Cable1_789,-2.0268
1360185982000,Cable1_789,-2.084
1360189583000,Cable1_789,-1.5799
1360193184000,Cable1_789,-1.7034
1360196785000,Cable1_789,-1.3472
1360200386000,Cable1_789,-1.551
1360203987000,Cable1_789,-1.7895
1360207588000,Cable1_789,-1.65
1360211189000,Cable1_789,-1.3818
1360214790000,Cable1_789,-1.8588
1360218391000,Cable1_789,-1.2938
1360222424000,Cable1_789,-2.0203
1360226025000,Cable1_789,-2.2915
1360229626000,Cable1_789,-1.9529
1360233227000,Cable1_789,-1.8367
1360236828000,Cable1_789,-1.8732
1360240429000,Cable1_789,-2.1457
1360244030000,Cable1_789,-2.0355
1360247631000,Cable1_789,-2.3431
1360251232000,Cable1_789,-2.1013
1360254833000,Cable1_789,-1.9891
1360258434000,Cable1_789,-1.407
1360262035000,Cable1_789,-2.2691
1360265636000,Cable1_789,-2.1571
1360269237000,Cable1_789,-1.8288
1360272838000,Cable1_789,-1.8585
1360276439000,Cable1_789,-0.8106
1360280040000,Cable1_789,-1.8428
1360283641000,Cable1_789,-1.8921
1360287242000,Cable1_789,-1.9281
1360290843000,Cable1_789,-1.819
1360294444000,Cable1_789,-2.0685
1360298045000,Cable1_789,-2.1168
1360301646000,Cable1_789,-2.1893
1360305247000,Cable1_789,-2.2403
1360308848000,Cable1_789,-2.3685
1360312449000,Cable1_789,-2.4117
1360316050000,Cable1_789,-1.9948
1360319651000,Cable1_789,-1.7997
1360323252000,Cable1_789,-1.892
1360326853000,Cable1_789,-2.1623
1360330454000,Cable1_789,-2.2145
1360334055000,Cable1_789,-2.3891
1360337656000,Cable1_789,-2.3335
1360341257000,Cable1_789,-2.4507
1360344858000,Cable1_789,-2.7444
1360348459000,Cable1_789,-2.3356
1360352060000,Cable1_789,-2.1548
1360355661000,Cable1_789,-2.2805
1360359262000,Cable1_789,-2.0374
1360362863000,Cable1_789,-2.6634
1360366464000,Cable1_789,-2.3811
1360370065000,Cable1_789,-2.3465
1360373666000,Cable1_789,-2.2541
1360377267000,Cable1_789,-3.2885
1360380868000,Cable1_789,-2.3264
1360384469000,Cable1_789,-2.2957
1360388070000,Cable1_789,-2.1194
1360391671000,Cable1_789,-2.3
1360395272000,Cable1_789,-2.5362
1360398873000,Cable1_789,-2.9572
1360402474000,Cable1_789,-2.4132
1360406075000,Cable1_789,-2.2912
1360409676000,Cable1_789,-2.6353
1360413277000,Cable1_789,-2.7881
1360416878000,Cable1_789,-2.9846
1360420479000,Cable1_789,-3.1922
1360424080000,Cable1_789,-3.2251
1360427681000,Cable1_789,-2.8375
1360431282000,Cable1_789,-4.8323
1360434883000,Cable1_789,-2.7731
1360438484000,Cable1_789,-2.7488
1360442085000,Cable1_789,-2.8577
1360445686000,Cable1_789,-3.24
1360449287000,Cable1_789,-2.3518
1360452888000,Cable1_789,-3.2934
1360456489000,Cable1_789,-3.1752
1360460090000,Cable1_789,-3.0384
1360463691000,Cable1_789,-3.1631
1360467292000,Cable1_789,-3.0566
1360470893000,Cable1_789,-3.2458
1360474494000,Cable1_789,-3.1377
1360478095000,Cable1_789,-3.1157
1360481696000,Cable1_789,-2.8024
1360485297000,Cable1_789,-3.2869
1360488898000,Cable1_789,-2.9786
1360492499000,Cable1_789,-3.2994
1360496100000,Cable1_789,-2.8083
1360499701000,Cable1_789,-3.0971
1360503302000,Cable1_789,-3.2249
1360506903000,Cable1_789,-2.8246
1360510504000,Cable1_789,-2.8641
1360514105000,Cable1_789,-3.0439
1360517706000,Cable1_789,-3.4481
1360521307000,Cable1_789,-3.063
1360524908000,Cable1_789,-2.9837
1360528509000,Cable1_789,-3.2902
1360532110000,Cable1_789,-3.0252
1360535711000,Cable1_789,-3.4307
1360539312000,Cable1_789,-2.9225
1360542913000,Cable1_789,-3.0201
1360546514000,Cable1_789,-3.0106
1360550115000,Cable1_789,-3.1364
1360553716000,Cable1_789,-2.5497
1360557317000,Cable1_789,-3.3991
1360560918000,Cable1_789,-3.0657
1360564519000,Cable1_789,-2.8701
1360568120000,Cable1_789,-3.0325
1360571721000,Cable1_789,-3.0261
1360575322000,Cable1_789,-3.3846
1360578923000,Cable1_789,-2.9439
1360582524000,Cable1_789,-3.3525
1360586125000,Cable1_789,-3.3636
1360589726000,Cable1_789,-2.9829
1360593327000,Cable1_789,-3.3977
1360596928000,Cable1_789,-3.5238
1360600529000,Cable1_789,-3.5566
1360604130000,Cable1_789,-3.2427
1360607731000,Cable1_789,-3.2744
1360611332000,Cable1_789,-3.4061
1360614933000,Cable1_789,-3.5201
1360618534000,Cable1_789,-3.5522
1360622135000,Cable1_789,-3.2891
1360625736000,Cable1_789,-3.6292
1360629337000,Cable1_789,-3.7474
1360632938000,Cable1_789,-3.5593
1360636539000,Cable1_789,-4.0374
1360640140000,Cable1_789,-3.6081
1360643741000,Cable1_789,-3.6729
1360647342000,Cable1_789,-3.6284
1360650943000,Cable1_789,-3.7262
1360654544000,Cable1_789,-3.83
1360658145000,Cable1_789,-3.9058
1360661746000,Cable1_789,-3.7801
1360665347000,Cable1_789,-4.0879
1360668948000,Cable1_789,-4.1972
1360672549000,Cable1_789,-3.9
1360676150000,Cable1_789,-3.977
1360679751000,Cable1_789,-3.6548
1360683352000,Cable1_789,-3.6152
1360686953000,Cable1_789,-3.8343
1360690554000,Cable1_789,-3.8128
1360694155000,Cable1_789,-3.6231
1360697756000,Cable1_789,-3.7758
1360701357000,Cable1_789,-3.5673
1360704958000,Cable1_789,-3.9812
1360708559000,Cable1_789,-3.6804
1360712160000,Cable1_789,-3.6666
1360715761000,Cable1_789,-4.0884
1360719362000,Cable1_789,-3.8581
1360722963000,Cable1_789,-3.9764
1360726564000,Cable1_789,-3.9674
1360730165000,Cable1_789,-4.0408
1360733766000,Cable1_789,-4.1225
1360737367000,Cable1_789,-3.6937
1360740968000,Cable1_789,-4.183
1360744569000,Cable1_789,-3.8949
1360748170000,Cable1_789,-3.9171
1360751771000,Cable1_789,-4.0313
1360755372000,Cable1_789,-4.1582
1360758973000,Cable1_789,-3.8856
1360762574000,Cable1_789,-4.0572
1360766175000,Cable1_789,-4.005
1360769776000,Cable1_789,-4.2857
1360773377000,Cable1_789,-4.3458
1360776978000,Cable1_789,-4.3388
1360780579000,Cable1_789,-4.0735
1360784180000,Cable1_789,-4.6376
1360787781000,Cable1_789,-4.2993
1360791382000,Cable1_789,-4.3945
1360794983000,Cable1_789,-4.0788
1360798584000,Cable1_789,-4.1555
1360802185000,Cable1_789,-4.4751
1360805786000,Cable1_789,-4.3598
1360809387000,Cable1_789,-4.8561
1360812988000,Cable1_789,-4.101
1360816589000,Cable1_789,-4.3129
1360820190000,Cable1_789,-4.0871
1360823791000,Cable1_789,-4.2828
1360827392000,Cable1_789,-4.1406
1360830993000,Cable1_789,-4.5682
1360834594000,Cable1_789,-4.2776
1360838195000,Cable1_789,-4.2086
1360841796000,Cable1_789,-4.6405
1360845397000,Cable1_789,-4.7057
1360848998000,Cable1_789,-5.0742
1360852599000,Cable1_789,-4.9901
1360856200000,Cable1_789,-4.6635
1360859801000,Cable1_789,-4.8858
1360863402000,Cable1_789,-4.9573
1360867003000,Cable1_789,-4.8762
1360870604000,Cable1_789,-4.939
1360874205000,Cable1_789,-4.8954
1360877806000,Cable1_789,-4.749
1360881407000,Cable1_789,-4.7427
1360885008000,Cable1_789,-4.5669
1360888609000,Cable1_789,-4.5536
1360892210000,Cable1_789,-4.5077
1360895811000,Cable1_789,-4.4479
1360899412000,Cable1_789,-4.8164
1360903013000,Cable1_789,-4.5888
1360906614000,Cable1_789,-5.1501
1360910215000,Cable1_789,-4.8899
1360913816000,Cable1_789,-4.3439
1360917417000,Cable1_789,-4.4924
1360921018000,Cable1_789,-4.8117
1360924619000,Cable1_789,-4.7762
1360928220000,Cable1_789,-4.482
1360931821000,Cable1_789,-4.6627
1360935422000,Cable1_789,-4.544
1360939023000,Cable1_789,-4.4552
1360942624000,Cable1_789,-4.0349
1360946225000,Cable1_789,-4.5408
1360949826000,Cable1_789,-4.6622
1360953427000,Cable1_789,-5.0993
1360957028000,Cable1_789,-4.8496
1360960629000,Cable1_789,-4.9586
1360964230000,Cable1_789,-4.6238
1360967831000,Cable1_789,-4.6171
1360971432000,Cable1_789,-4.7174
1360975033000,Cable1_789,-4.6676
1360978634000,Cable1_789,-4.5182
1360982235000,Cable1_789,-4.2017
1360985836000,Cable1_789,-4.4412
1360989437000,Cable1_789,-4.5221
1360993038000,Cable1_789,-4.6596
1360996639000,Cable1_789,-4.7035
1361000240000,Cable1_789,-4.2766
1361003841000,Cable1_789,-4.7465
1361007442000,Cable1_789,-5.1725
1361011043000,Cable1_789,-5.2907
1361014644000,Cable1_789,-4.5939
1361018245000,Cable1_789,-4.9427
1361021846000,Cable1_789,-4.9475
1361025447000,Cable1_789,-4.3956
1361029048000,Cable1_789,-4.8629
1361032649000,Cable1_789,-4.9238
1361036250000,Cable1_789,-4.4114
1361039851000,Cable1_789,-4.3614
1361043452000,Cable1_789,-4.1641
1361047053000,Cable1_789,-4.0079
1361050654000,Cable1_789,-4.4495
1361054255000,Cable1_789,-4.311
1361057856000,Cable1_789,-4.4109
1361061457000,Cable1_789,-4.1669
1361065058000,Cable1_789,-4.3938
1361068659000,Cable1_789,-4.3679
1361072260000,Cable1_789,-4.0739
1361075861000,Cable1_789,-4.204
1361079462000,Cable1_789,-4.0178
1361083063000,Cable1_789,-4.244
1361086664000,Cable1_789,-4.0596
1361090265000,Cable1_789,-3.7171
1361093866000,Cable1_789,-4.0382
1361097467000,Cable1_789,-4.5038
1361101068000,Cable1_789,-3.928
1361104669000,Cable1_789,-3.8741
1361108270000,Cable1_789,-3.8523
1361111871000,Cable1_789,-3.823
1361115472000,Cable1_789,-3.9536
1361119073000,Cable1_789,-4.2276
1361122674000,Cable1_789,-3.6983
1361126275000,Cable1_789,-3.9825
1361129876000,Cable1_789,-3.717
1361133477000,Cable1_789,-3.6773
1361137078000,Cable1_789,-3.8449
1361140679000,Cable1_789,-3.7963
1361144280000,Cable1_789,-4.3797
1361147881000,Cable1_789,-3.7741
1361151482000,Cable1_789,-3.2603
1361155083000,Cable1_789,-3.6501
1361158684000,Cable1_789,-3.8696
1361162285000,Cable1_789,-4.4222
1361165886000,Cable1_789,-3.6937
1361169487000,Cable1_789,-3.8081
1361173088000,Cable1_789,-3.6869
1361176689000,Cable1_789,-3.5699
1361180290000,Cable1_789,-3.6735
1361183891000,Cable1_789,-3.9509
1361187492000,Cable1_789,-3.9202
1361191093000,Cable1_789,-4.0295
1361194694000,Cable1_789,-3.6417
1361198295000,Cable1_789,-3.6824
1361201896000,Cable1_789,-3.8627
1361205497000,Cable1_789,-3.9965
1361209098000,Cable1_789,-3.4828
1361212699000,Cable1_789,-3.8034
1361216300000,Cable1_789,-3.7269
1361219901000,Cable1_789,-3.8222
1361223502000,Cable1_789,-3.3564
1361227103000,Cable1_789,-3.5204
1361230704000,Cable1_789,-3.177
1361234305000,Cable1_789,-3.6815
1361237906000,Cable1_789,-3.3297
1361241507000,Cable1_789,-3.2321
1361245108000,Cable1_789,-3.3563
1361248709000,Cable1_789,-3.8109
1361252310000,Cable1_789,-3.5384
1361255911000,Cable1_789,-3.6709
1361259512000,Cable1_789,-3.64
1361263113000,Cable1_789,-3.7087
1361266714000,Cable1_789,-4.0151
1361270315000,Cable1_789,-3.8194
1361273916000,Cable1_789,-3.7532
1361277517000,Cable1_789,-3.4296
1361281118000,Cable1_789,-3.4162
1361284719000,Cable1_789,-3.6081
1361288320000,Cable1_789,-3.4611
1361291921000,Cable1_789,-3.6631
1361295522000,Cable1_789,-3.3877
1361299123000,Cable1_789,-4.0293
1361302724000,Cable1_789,-3.929
1361306325000,Cable1_789,-3.5859
1361309926000,Cable1_789,-3.6631
1361313527000,Cable1_789,-3.4395
1361317128000,Cable1_789,-3.4031
1361320729000,Cable1_789,-3.6485
1361324330000,Cable1_789,-3.174
1361327931000,Cable1_789,-3.3484
1361331532000,Cable1_789,-3.2218
1361335133000,Cable1_789,-3.2415
1361338734000,Cable1_789,-3.4325
1361342335000,Cable1_789,-3.3191
1361345936000,Cable1_789,-3.1776
1361349537000,Cable1_789,-3.5165
1361353138000,Cable1_789,-3.6431
1361356739000,Cable1_789,-3.2103
1361360340000,Cable1_789,-3.1305
1361363941000,Cable1_789,-3.1035
1361367542000,Cable1_789,-3.3937
1361371143000,Cable1_789,-3.4331
1361374744000,Cable1_789,-3.5641
1361378345000,Cable1_789,-3.9187
1361381946000,Cable1_789,-3.9534
1361385547000,Cable1_789,-3.3138
1361389148000,Cable1_789,-3.7884
1361392749000,Cable1_789,-3.602
1361396350000,Cable1_789,-3.4029
1361399951000,Cable1_789,-3.4407
1361403552000,Cable1_789,-3.3995
1361407153000,Cable1_789,-3.4091
1361410754000,Cable1_789,-3.3841
1361414355000,Cable1_789,-3.6665
1361417956000,Cable1_789,-3.5481
1361421557000,Cable1_789,-3.8159
1361425158000,Cable1_789,-3.5534
1361428759000,Cable1_789,-4.2498
1361432360000,Cable1_789,-3.8866
1361435961000,Cable1_789,-3.5962
1361439562000,Cable1_789,-3.6734
1361443163000,Cable1_789,-3.6902
1361446764000,Cable1_789,-3.8091
1361450365000,Cable1_789,-3.9805
1361453966000,Cable1_789,-4.0359
1361457567000,Cable1_789,-3.9161
1361461168000,Cable1_789,-3.7445
1361464769000,Cable1_789,-3.9228
1361468370000,Cable1_789,-4.1099
1361471971000,Cable1_789,-3.8471
1361475572000,Cable1_789,-3.7423
1361479173000,Cable1_789,-3.6502
1361482774000,Cable1_789,-4.1533
1361486375000,Cable1_789,-4.371
1361489976000,Cable1_789,-4.3649
1361493577000,Cable1_789,-4.1391
1361497178000,Cable1_789,-3.9186
1361500779000,Cable1_789,-4.3507
1361504380000,Cable1_789,-3.8874
1361507981000,Cable1_789,-4.2352
1361511582000,Cable1_789,-4.3912
1361515183000,Cable1_789,-4.1463
1361518784000,Cable1_789,-3.8059
1361522385000,Cable1_789,-4.4251
1361525986000,Cable1_789,-4.4715
1361529587000,Cable1_789,-3.7649
1361533188000,Cable1_789,-4.4085
1361536789000,Cable1_789,-4.5493
1361540390000,Cable1_789,-4.565
1361543991000,Cable1_789,-4.6459
1361547592000,Cable1_789,-4.18
1361551193000,Cable1_789,-4.2038
1361554794000,Cable1_789,-4.0741
1361558395000,Cable1_789,-4.1079
1361561996000,Cable1_789,-4.1565
1361565597000,Cable1_789,-4.4009
1361569198000,Cable1_789,-3.9219
1361572799000,Cable1_789,-3.9242
1361576400000,Cable1_789,-4.6937
1361580001000,Cable1_789,-4.3914
1361583602000,Cable1_789,-4.3436
1361587203000,Cable1_789,-4.551
1361590804000,Cable1_789,-4.7609
1361594405000,Cable1_789,-4.742
1361598006000,Cable1_789,-4.888
1361601607000,Cable1_789,-4.905
1361605209000,Cable1_789,-4.4681
1361608810000,Cable1_789,-4.3836
1361612411000,Cable1_789,-4.4691
1361616012000,Cable1_789,-4.1627
1361619613000,Cable1_789,-4.1615
1361623214000,Cable1_789,-4.8186
1361626815000,Cable1_789,-4.3149
1361630416000,Cable1_789,-4.7783
1361634017000,Cable1_789,-5.0393
1361637618000,Cable1_789,-4.6733
1361641219000,Cable1_789,-4.5769
1361644820000,Cable1_789,-4.6157
1361648421000,Cable1_789,-4.2053
1361652022000,Cable1_789,-4.6867
1361655623000,Cable1_789,-4.8959
1361659224000,Cable1_789,-4.5165
1361662825000,Cable1_789,-4.5817
1361666426000,Cable1_789,-4.6067
1361670027000,Cable1_789,-5.2689
1361673628000,Cable1_789,-4.7815
1361677229000,Cable1_789,-4.9783
1361680830000,Cable1_789,-5.014
1361684431000,Cable1_789,-4.6678
1361688032000,Cable1_789,-4.8788
1361691633000,Cable1_789,-5.3328
1361695234000,Cable1_789,-5.3623
1361698835000,Cable1_789,-5.1165
1361702436000,Cable1_789,-4.926
1361706037000,Cable1_789,-4.9612
1361709638000,Cable1_789,-4.9969
1361713239000,Cable1_789,-4.9916
1361716840000,Cable1_789,-4.9751
1361720441000,Cable1_789,-5.1143
1361724042000,Cable1_789,-4.9283
1361727643000,Cable1_789,-5.0135
1361731244000,Cable1_789,-4.9339
1361734845000,Cable1_789,-4.9684
1361738446000,Cable1_789,-5.1017
1361742047000,Cable1_789,-4.8309
1361745648000,Cable1_789,-4.9348
1361749249000,Cable1_789,-4.7394
1361752850000,Cable1_789,-5.2757
1361756451000,Cable1_789,-5.3425
1361760052000,Cable1_789,-5.2968
1361763653000,Cable1_789,-4.9351
1361767254000,Cable1_789,-5.4109
1361770855000,Cable1_789,-5.4098
1361774456000,Cable1_789,-5.2294
1361778057000,Cable1_789,-5.1243
1361781658000,Cable1_789,-4.9709
1361785259000,Cable1_789,-4.886
1361788860000,Cable1_789,-5.0946
1361792461000,Cable1_789,-4.7083
1361796062000,Cable1_789,-4.8667
1361799663000,Cable1_789,-5.4255
1361803264000,Cable1_789,-5.432
1361806865000,Cable1_789,-5.3467
1361810466000,Cable1_789,-5.4448
1361814067000,Cable1_789,-5.4469
1361817668000,Cable1_789,-5.4977
1361821269000,Cable1_789,-5.548
1361824870000,Cable1_789,-5.3882
1361828471000,Cable1_789,-5.7631
1361832072000,Cable1_789,-5.4804
1361835673000,Cable1_789,-5.4624
1361839274000,Cable1_789,-5.7398
1361842875000,Cable1_789,-5.6776
1361846476000,Cable1_789,-5.6527
1361850077000,Cable1_789,-5.6847
1361853678000,Cable1_789,-5.5685
1361857279000,Cable1_789,-5.5939
1361860880000,Cable1_789,-5.3664
1361864481000,Cable1_789,-5.3008
1361868082000,Cable1_789,-5.2982
1361871683000,Cable1_789,-5.3028
1361875284000,Cable1_789,-5.6949
1361878885000,Cable1_789,-5.1223
1361882486000,Cable1_789,-5.221
1361886087000,Cable1_789,-5.1036
1361889688000,Cable1_789,-5.1203
1361893289000,Cable1_789,-5.5068
1361896890000,Cable1_789,-5.2065
1361900491000,Cable1_789,-4.9153
1361904092000,Cable1_789,-5.0917
1361907693000,Cable1_789,-5.0713
1361911294000,Cable1_789,-5.8368
1361914895000,Cable1_789,-5.6364
1361918496000,Cable1_789,-5.5697
1361922097000,Cable1_789,-5.0895
1361925698000,Cable1_789,-5.4377
1361929299000,Cable1_789,-5.4057
1361932900000,Cable1_789,-4.9928
1361936501000,Cable1_789,-5.6266
1361940102000,Cable1_789,-5.3082
1361943703000,Cable1_789,-5.2116
1361947304000,Cable1_789,-5.5387
1361950905000,Cable1_789,-5.8087
1361952247000,Cable1_789,-0.5443
1361953067000,Cable1_789,-5.3267
1361954467000,Cable1_789,-6.478
1361958068000,Cable1_789,-5.7009
1361961669000,Cable1_789,-5.6259
1361965270000,Cable1_789,-5.2427
1361968871000,Cable1_789,-5.8885
1361972472000,Cable1_789,-5.3759
1361976073000,Cable1_789,-4.8711
1361979674000,Cable1_789,-5.3109
1361983275000,Cable1_789,-5.5754
1361986876000,Cable1_789,-5.5323
1361990477000,Cable1_789,-5.3764
1361994078000,Cable1_789,-5.0781
1361997679000,Cable1_789,-5.1012
1362001280000,Cable1_789,-5.0977
1362004881000,Cable1_789,-5.3091
1362008482000,Cable1_789,-5.3047
1362012083000,Cable1_789,-5.2555
1362015684000,Cable1_789,-5.1365
1362019285000,Cable1_789,-4.8813
1362022886000,Cable1_789,-5.0545
1362026487000,Cable1_789,-4.8899
1362030088000,Cable1_789,-5.1695
1362033689000,Cable1_789,-5.347
1362037290000,Cable1_789,-5.0881
1362040891000,Cable1_789,-5.2157
1362044492000,Cable1_789,-5.2532
1362048093000,Cable1_789,-5.1085
1362051694000,Cable1_789,-4.7286
1362052464000,Cable1_789,0.2598
1362053375000,Cable1_789,-5.0407
1362056976000,Cable1_789,-4.7025
1362060577000,Cable1_789,-5.0002
1362064178000,Cable1_789,-5.0814
1362067779000,Cable1_789,-5.2452
1362071380000,Cable1_789,-4.6503
1362074981000,Cable1_789,-4.7017
1362078582000,Cable1_789,-4.6993
1362082183000,Cable1_789,-5.0342
1362085784000,Cable1_789,-4.7967
1362089385000,Cable1_789,-4.7753
1362092986000,Cable1_789,-5.0483
1362096587000,Cable1_789,-4.4892
1362100188000,Cable1_789,-4.5127
1362103789000,Cable1_789,-4.3637
1362107390000,Cable1_789,-4.8646
1362110991000,Cable1_789,-4.5131
1362114592000,Cable1_789,-4.7468
1362118193000,Cable1_789,-4.3661
1362121794000,Cable1_789,-4.5063
1362125395000,Cable1_789,-4.6441
1362128996000,Cable1_789,-4.4914
1362132597000,Cable1_789,-4.4487
1362136198000,Cable1_789,-4.7577
1362139799000,Cable1_789,-4.3922
1362143400000,Cable1_789,-4.1691
1362147001000,Cable1_789,-4.419
1362150602000,Cable1_789,-3.9604
1362154203000,Cable1_789,-4.5458
1362157804000,Cable1_789,-4.014
1362161405000,Cable1_789,-4.0234
1362165006000,Cable1_789,-4.5057
1362168607000,Cable1_789,-4.1137
1362172208000,Cable1_789,-4.2404
1362175809000,Cable1_789,-3.8723
1362179410000,Cable1_789,-4.1379
1362183011000,Cable1_789,-4.1753
1362186612000,Cable1_789,-4.0742
1362190213000,Cable1_789,-3.7642
1362193814000,Cable1_789,-4.307
1362197415000,Cable1_789,-4.1561
1362201016000,Cable1_789,-3.8881
1362204617000,Cable1_789,-4.2794
1362208218000,Cable1_789,-4.0734
1362211819000,Cable1_789,-3.8999
1362215420000,Cable1_789,-4.1782
1362219021000,Cable1_789,-4.0084
1362222622000,Cable1_789,-3.7655
1362226223000,Cable1_789,-3.9963
1362229824000,Cable1_789,-3.9575
1362233425000,Cable1_789,-3.735
1362237026000,Cable1_789,-3.6231
1362240627000,Cable1_789,-3.8794
1362244228000,Cable1_789,-3.5425
1362247829000,Cable1_789,-3.8977
1362251430000,Cable1_789,-3.8058
1362255031000,Cable1_789,-3.6627
1362258632000,Cable1_789,-3.6609
1362262233000,Cable1_789,-3.5362
1362265834000,Cable1_789,-3.7514
1362269435000,Cable1_789,-3.6516
1362273036000,Cable1_789,-3.8952
1362276637000,Cable1_789,-3.1147
1362280239000,Cable1_789,-3.515
1362283840000,Cable1_789,-3.3441
1362287441000,Cable1_789,-3.5176
1362291042000,Cable1_789,-3.7043
1362294643000,Cable1_789,-3.728
1362298244000,Cable1_789,-3.3682
1362301845000,Cable1_789,-3.7869
1362305446000,Cable1_789,-3.6081
1362309047000,Cable1_789,-3.1861
1362312648000,Cable1_789,-3.4434
1362316249000,Cable1_789,-3.116
1362319850000,Cable1_789,-3.4895
1362323451000,Cable1_789,-3.1772
1362327052000,Cable1_789,-3.5403
1362330653000,Cable1_789,-3.1615
1362334254000,Cable1_789,-2.8405
1362337855000,Cable1_789,-3.1561
1362341456000,Cable1_789,-3.0686
1362345057000,Cable1_789,-2.8189
1362348658000,Cable1_789,-3.3668
1362352259000,Cable1_789,-2.8194
1362355860000,Cable1_789,-3.0499
1362359461000,Cable1_789,-3.3555
1362363063000,Cable1_789,-3.1575
1362366664000,Cable1_789,-2.9658
1362370265000,Cable1_789,-3.1332
1362373866000,Cable1_789,-2.8471
1362377467000,Cable1_789,-3.0272
1362381068000,Cable1_789,-3.2796
1362384669000,Cable1_789,-3.1555
1362388270000,Cable1_789,-2.9332
1362391871000,Cable1_789,-3.2055
1362395472000,Cable1_789,-3.1067
1362399073000,Cable1_789,-3.3053
1362402674000,Cable1_789,-3.2717
1362406275000,Cable1_789,-2.9589
1362409876000,Cable1_789,-3.0775
1362413477000,Cable1_789,-2.8511
1362417078000,Cable1_789,-2.5983
1362420679000,Cable1_789,-3.1349
1362424280000,Cable1_789,-3.4044
1362427881000,Cable1_789,-2.7926
1362431482000,Cable1_789,-2.9184
1362435083000,Cable1_789,-2.7535
1362438684000,Cable1_789,-2.8154
1362442285000,Cable1_789,-2.5778
1362445886000,Cable1_789,-2.5735
1362449487000,Cable1_789,-2.8742
1362453088000,Cable1_789,-3.0098
1362456689000,Cable1_789,-2.6825
1362460290000,Cable1_789,-2.4763
1362463891000,Cable1_789,-2.926
1362467492000,Cable1_789,-2.4593
1362471093000,Cable1_789,-3.1759
1362474694000,Cable1_789,-2.5218
1362478295000,Cable1_789,-2.5652
1362481896000,Cable1_789,-2.4154
1362485497000,Cable1_789,-2.3926
1362489098000,Cable1_789,-2.7103
1362492699000,Cable1_789,-2.7316
1362496300000,Cable1_789,-2.9259
1362499901000,Cable1_789,-2.6136
1362503502000,Cable1_789,-2.651
1362507103000,Cable1_789,-2.7966
1362510704000,Cable1_789,-2.5568
1362514305000,Cable1_789,-2.08
1362517906000,Cable1_789,-2.0042
1362521507000,Cable1_789,-1.5697
1362525108000,Cable1_789,-1.5433
1362528709000,Cable1_789,-2.661
1362532310000,Cable1_789,-2.0878
1362535911000,Cable1_789,-1.7968
1362539512000,Cable1_789,-1.7859
1362543113000,Cable1_789,-1.8673
1362546714000,Cable1_789,-2.0152
1362550315000,Cable1_789,-1.7853
1362553916000,Cable1_789,-1.5759
1362557517000,Cable1_789,-1.2807
1362561118000,Cable1_789,-1.6915
1362564719000,Cable1_789,-1.5047
1362568320000,Cable1_789,-1.2578
1362571921000,Cable1_789,-1.8052
1362575522000,Cable1_789,-1.4074
1362579123000,Cable1_789,-1.8963
1362582724000,Cable1_789,-1.6595
1362586325000,Cable1_789,-1.4532
1362589926000,Cable1_789,-1.2866
1362593527000,Cable1_789,-1.05
1362597128000,Cable1_789,-0.9168
1362600729000,Cable1_789,-1.2069
1362604330000,Cable1_789,-0.9309
1362607931000,Cable1_789,-0.674
1362611532000,Cable1_789,-1.1842
1362615133000,Cable1_789,-0.868
1362618734000,Cable1_789,-0.6246
1362622335000,Cable1_789,-0.6682
1362625936000,Cable1_789,-0.5332
1362629537000,Cable1_789,-0.3068
1362633138000,Cable1_789,-0.1826
1362636739000,Cable1_789,-0.505
1362640340000,Cable1_789,-0.3593
1362643941000,Cable1_789,-0.2293
1362647542000,Cable1_789,0.1634
1362651143000,Cable1_789,-0.5458
1362654744000,Cable1_789,-0.1297
1362658345000,Cable1_789,0.2858
1362661946000,Cable1_789,-0.4113
1362665547000,Cable1_789,0.2068
1362669148000,Cable1_789,-0.1306
1362672749000,Cable1_789,0.387
1362676350000,Cable1_789,0.2334
1362679951000,Cable1_789,-0.1898
1362683552000,Cable1_789,-0.0636
1362687153000,Cable1_789,-0.0415
1362690754000,Cable1_789,-0.2729
1362694355000,Cable1_789,0.786
1362697956000,Cable1_789,0.8562
1362701557000,Cable1_789,0.2304
1362705158000,Cable1_789,0.6879
1362708759000,Cable1_789,0.6763
1362712360000,Cable1_789,0.6673
1362715961000,Cable1_789,0.6947
1362719562000,Cable1_789,0.5745
1362723163000,Cable1_789,1.4794
1362726764000,Cable1_789,1.205
1362730365000,Cable1_789,0.4703
1362733966000,Cable1_789,0.7271
1362737567000,Cable1_789,0.749
1362741168000,Cable1_789,1.6284
1362744769000,Cable1_789,1.2844
1362748370000,Cable1_789,1.2491
1362751971000,Cable1_789,0.9453
1362755572000,Cable1_789,0.8538
1362759173000,Cable1_789,0.588
1362762774000,Cable1_789,1.0643
1362766375000,Cable1_789,1.4373
1362769976000,Cable1_789,1.0843
1362773577000,Cable1_789,1.6388
1362777178000,Cable1_789,1.5867
1362780779000,Cable1_789,2.1413
1362784380000,Cable1_789,1.962
1362787981000,Cable1_789,1.461
1362791582000,Cable1_789,1.9667
1362795183000,Cable1_789,1.6528
1362798784000,Cable1_789,2.3689
1362802385000,Cable1_789,1.9779
1362805986000,Cable1_789,1.7867
1362809587000,Cable1_789,1.9376
1362813188000,Cable1_789,1.9398
1362816789000,Cable1_789,2.2758
1362820390000,Cable1_789,1.9463
1362823991000,Cable1_789,2.4276
1362827592000,Cable1_789,2.1132
1362831193000,Cable1_789,2.1789
1362834794000,Cable1_789,2.4045
1362838395000,Cable1_789,2.1382
1362841996000,Cable1_789,2.0668
1362845597000,Cable1_789,2.0101
1362849198000,Cable1_789,2.1008
1362852799000,Cable1_789,1.6274
1362856400000,Cable1_789,1.7905
1362860001000,Cable1_789,2.0939
1362863602000,Cable1_789,1.8108
1362867203000,Cable1_789,1.858
1362870804000,Cable1_789,2.5008
1362874405000,Cable1_789,2.2504
1362878006000,Cable1_789,2.1685
1362881607000,Cable1_789,2.5054
1362885208000,Cable1_789,2.5645
1362888809000,Cable1_789,2.1363
1362892410000,Cable1_789,2.2029
1362896011000,Cable1_789,1.6974
1362899612000,Cable1_789,1.9152
1362903213000,Cable1_789,1.877
1362906814000,Cable1_789,1.7175
1362910415000,Cable1_789,1.5684
1362914016000,Cable1_789,1.701
1362917617000,Cable1_789,1.487
1362921218000,Cable1_789,2.0521
1362924819000,Cable1_789,1.3689
1362928420000,Cable1_789,1.2509
1362932021000,Cable1_789,1.4898
1362935622000,Cable1_789,1.1486
1362939223000,Cable1_789,1.4415
1362942824000,Cable1_789,1.391
1362946425000,Cable1_789,1.4709
1362950026000,Cable1_789,1.2334
1362953627000,Cable1_789,1.0699
1362957228000,Cable1_789,1.3142
1362960829000,Cable1_789,1.1873
1362964430000,Cable1_789,0.8805
1362968031000,Cable1_789,0.9089
1362971632000,Cable1_789,0.8881
1362975233000,Cable1_789,0.5119
1362978834000,Cable1_789,0.559
1362982435000,Cable1_789,0.0415
1362986036000,Cable1_789,0.6589
1362989637000,Cable1_789,0.4421
1362993238000,Cable1_789,-0.0235
1362996839000,Cable1_789,0.5466
1363000440000,Cable1_789,0.2871
1363004041000,Cable1_789,0.2154
1363007642000,Cable1_789,0.2367
1363011243000,Cable1_789,-0.2207
1363014844000,Cable1_789,0.0545
1363018445000,Cable1_789,0.113
1363022046000,Cable1_789,0.0586
1363025647000,Cable1_789,-0.2619
1363029248000,Cable1_789,-0.1173
1363032849000,Cable1_789,-0.344
1363036450000,Cable1_789,-0.609
1363040051000,Cable1_789,-0.6122
1363043652000,Cable1_789,-0.4667
1363047253000,Cable1_789,-0.6313
1363050854000,Cable1_789,-0.4165
1363054455000,Cable1_789,-0.734
1363058056000,Cable1_789,-0.62
1363061657000,Cable1_789,-0.9291
1363065258000,Cable1_789,-0.4678
1363068859000,Cable1_789,-0.5934
1363072460000,Cable1_789,-1.3659
1363076061000,Cable1_789,-1.1663
1363079662000,Cable1_789,-0.7347
1363083263000,Cable1_789,-1.1504
1363086864000,Cable1_789,-1.6873
1363090465000,Cable1_789,-1.5344
1363094066000,Cable1_789,-1.3835
1363097667000,Cable1_789,-1.6193
1363101268000,Cable1_789,-1.1641
1363104869000,Cable1_789,-1.5897
1363108470000,Cable1_789,-1.6364
1363112071000,Cable1_789,-1.581
1363115672000,Cable1_789,-1.9015
1363119273000,Cable1_789,-1.8031
1363122874000,Cable1_789,-1.7823
1363126475000,Cable1_789,-1.8663
1363130076000,Cable1_789,-2.3698
1363133677000,Cable1_789,-2.1427
1363137278000,Cable1_789,-1.9582
1363140879000,Cable1_789,-2.0389
1363144480000,Cable1_789,-1.8391
1363148081000,Cable1_789,-2.089
1363151682000,Cable1_789,-1.9021
1363155283000,Cable1_789,-1.8917
1363158884000,Cable1_789,-2.3454
1363162485000,Cable1_789,-2.2831
1363166086000,Cable1_789,-2.2277
1363169687000,Cable1_789,-2.4082
1363173288000,Cable1_789,-2.2004
1363176889000,Cable1_789,-2.6979
1363180490000,Cable1_789,-2.5878
1363184091000,Cable1_789,-2.2792
1363187692000,Cable1_789,-2.2089
1363191293000,Cable1_789,-2.1219
1363194894000,Cable1_789,-2.2124
1363198495000,Cable1_789,-2.5448
1363202096000,Cable1_789,-2.4233
1363205697000,Cable1_789,-2.6333
1363209298000,Cable1_789,-2.7574
1363212899000,Cable1_789,-3.0279
1363216500000,Cable1_789,-2.9922
1363220101000,Cable1_789,-3.3202
1363223702000,Cable1_789,-3.1569
1363227303000,Cable1_789,-3.4295
1363230904000,Cable1_789,-2.926
1363234505000,Cable1_789,-3.2658
1363238106000,Cable1_789,-3.3497
1363241707000,Cable1_789,-3.2295
1363245308000,Cable1_789,-3.2491
1363248909000,Cable1_789,-3.0405
1363252510000,Cable1_789,-3.395
1363256111000,Cable1_789,-3.3039
1363259712000,Cable1_789,-3.0378
1363263313000,Cable1_789,-2.2213
1363266914000,Cable1_789,-3.3079
1363270515000,Cable1_789,-3.6164
1363274116000,Cable1_789,-3.2188
1363277717000,Cable1_789,-3.2316
1363281318000,Cable1_789,-4.0157
1363284919000,Cable1_789,-3.6025
1363288520000,Cable1_789,-3.4865
1363292121000,Cable1_789,-3.7747
1363295722000,Cable1_789,-3.1207
1363299323000,Cable1_789,-3.3847
1363302924000,Cable1_789,-3.1777
1363306525000,Cable1_789,-3.5374
1363310126000,Cable1_789,-3.2571
1363313727000,Cable1_789,-3.4228
1363317328000,Cable1_789,-3.6383
1363320929000,Cable1_789,-3.3218
1363324530000,Cable1_789,-3.0187
1363328131000,Cable1_789,-3.1939
1363331732000,Cable1_789,-3.3375
1363335333000,Cable1_789,-3.2927
1363338934000,Cable1_789,-3.2909
1363342535000,Cable1_789,-3.1797
1363346136000,Cable1_789,-2.9929
1363349737000,Cable1_789,-3.5145
1363353338000,Cable1_789,-3.47
1363356939000,Cable1_789,-3.5201
1363360540000,Cable1_789,-3.429
1363364141000,Cable1_789,-3.3304
1363367742000,Cable1_789,-3.6719
1363371343000,Cable1_789,-3.6429
1363374944000,Cable1_789,-3.651
1363378545000,Cable1_789,-3.621
1363382146000,Cable1_789,-3.4424
1363385747000,Cable1_789,-3.5827
1363389348000,Cable1_789,-3.58
1363392949000,Cable1_789,-3.7896
1363396550000,Cable1_789,-3.5006
1363400151000,Cable1_789,-3.6917
1363403752000,Cable1_789,-3.7749
1363407353000,Cable1_789,-4.0145
1363410954000,Cable1_789,-4.0671
1363414555000,Cable1_789,-3.557
1363418156000,Cable1_789,-3.6206
1363421758000,Cable1_789,-3.6506
1363425359000,Cable1_789,-3.4139
1363428960000,Cable1_789,-4.0147
1363432561000,Cable1_789,-3.8411
1363436162000,Cable1_789,-4.0199
1363439763000,Cable1_789,-3.3938
1363443364000,Cable1_789,-3.6085
1363446965000,Cable1_789,-3.6563
1363450566000,Cable1_789,-3.3613
1363454167000,Cable1_789,-3.435
1363457768000,Cable1_789,-3.2072
1363461369000,Cable1_789,-3.1975
1363464970000,Cable1_789,-2.7426
1363468571000,Cable1_789,-3.1805
1363472172000,Cable1_789,-3.2242
1363475773000,Cable1_789,-3.2419
1363479374000,Cable1_789,-2.9231
1363482975000,Cable1_789,-3.142
1363486576000,Cable1_789,-2.8573
1363490177000,Cable1_789,-2.8896
1363493778000,Cable1_789,-2.8724
1363497379000,Cable1_789,-2.8929
1363500980000,Cable1_789,-2.9405
1363504581000,Cable1_789,-3.1211
1363508182000,Cable1_789,-2.7941
1363511783000,Cable1_789,-2.6427
1363515384000,Cable1_789,-2.8591
1363518985000,Cable1_789,-2.5174
1363522586000,Cable1_789,-2.3261
1363526187000,Cable1_789,-3.0133
1363529788000,Cable1_789,-2.6978
1363533389000,Cable1_789,-2.8271
1363536990000,Cable1_789,-3.054
1363540591000,Cable1_789,-2.8006
1363544192000,Cable1_789,-2.7035
1363547793000,Cable1_789,-2.3
1363551394000,Cable1_789,-2.2376
1363554995000,Cable1_789,-2.2827
1363558596000,Cable1_789,-2.1066
1363562197000,Cable1_789,-2.3487
1363565798000,Cable1_789,-1.8793
1363569399000,Cable1_789,-2.2215
1363573000000,Cable1_789,-2.2287
1363576601000,Cable1_789,-1.677
1363580202000,Cable1_789,-1.4994
1363583803000,Cable1_789,-1.65
1363587404000,Cable1_789,-1.4239
1363591005000,Cable1_789,-2.0007
1363594606000,Cable1_789,-1.8408
1363598207000,Cable1_789,-1.4546
1363601808000,Cable1_789,-1.6474
1363605409000,Cable1_789,-1.7353
1363609010000,Cable1_789,-1.7916
1363612611000,Cable1_789,-1.5688
1363616212000,Cable1_789,-1.3341
1363619813000,Cable1_789,-1.9851
1363623414000,Cable1_789,-1.4617
1363627015000,Cable1_789,-1.5048
1363630616000,Cable1_789,-1.0542
1363634217000,Cable1_789,-0.8049
1363637818000,Cable1_789,-0.9043
1363641419000,Cable1_789,-0.8268
1363645020000,Cable1_789,-0.7694
1363648621000,Cable1_789,-0.7118
1363652222000,Cable1_789,-0.7191
1363655823000,Cable1_789,-0.7456
1363659424000,Cable1_789,-0.7694
1363663025000,Cable1_789,-0.8007
1363666626000,Cable1_789,-1.1143
1363670227000,Cable1_789,-0.691
1363673828000,Cable1_789,-0.6611
1363677429000,Cable1_789,-0.6185
1363681030000,Cable1_789,-0.4395
1363684631000,Cable1_789,-0.7481
1363688232000,Cable1_789,-0.6231
1363691833000,Cable1_789,-0.932
1363695434000,Cable1_789,-0.5396
1363699035000,Cable1_789,-0.1309
1363702636000,Cable1_789,-0.5073
1363706237000,Cable1_789,-0.6411
1363709838000,Cable1_789,-0.3471
1363713439000,Cable1_789,-0.3529
1363717040000,Cable1_789,-0.3513
1363720641000,Cable1_789,-0.2976
1363724242000,Cable1_789,-0.3826
1363727843000,Cable1_789,-0.4879
1363731444000,Cable1_789,-0.1552
1363735045000,Cable1_789,-0.2031
1363738646000,Cable1_789,-0.7743
1363742247000,Cable1_789,-0.555
1363745848000,Cable1_789,-0.0867
1363749449000,Cable1_789,-0.6837
1363753050000,Cable1_789,-0.2205
1363756651000,Cable1_789,-0.9401
1363760252000,Cable1_789,0.6145
1363763853000,Cable1_789,-0.2672
1363767454000,Cable1_789,-0.6041
1363771055000,Cable1_789,-0.1056
1363774656000,Cable1_789,-0.695
1363778257000,Cable1_789,-0.8114
1363781858000,Cable1_789,-0.9318
1363785459000,Cable1_789,-0.5412
1363788177000,Cable1_789,4.5338
1363789089000,Cable1_789,-0.2217
1363792690000,Cable1_789,-0.6649
1363796291000,Cable1_789,-0.7372
1363799892000,Cable1_789,-1.0695
1363803493000,Cable1_789,-0.5227
1363807094000,Cable1_789,-0.7346
1363810695000,Cable1_789,-0.5954
1363814296000,Cable1_789,-0.9706
1363817897000,Cable1_789,-0.8458
1363821498000,Cable1_789,-0.8637
1363825099000,Cable1_789,-0.3323
1363828700000,Cable1_789,-0.531
1363832301000,Cable1_789,-0.8864
1363835902000,Cable1_789,-0.8163
1363839503000,Cable1_789,-0.6771
1363843104000,Cable1_789,-0.4604
1363846705000,Cable1_789,-0.738
1363850306000,Cable1_789,-0.9724
1363853907000,Cable1_789,-1.2827
1363857508000,Cable1_789,-1.2639
1363861109000,Cable1_789,-1.0208
1363864710000,Cable1_789,-0.7427
1363868311000,Cable1_789,-0.7713
1363871912000,Cable1_789,-0.9209
1363875513000,Cable1_789,-1.037
1363879114000,Cable1_789,-0.8135
1363882715000,Cable1_789,-1.0771
1363886316000,Cable1_789,-1.7629
1363889917000,Cable1_789,-1.1896
1363893518000,Cable1_789,-1.159
1363897119000,Cable1_789,-1.0151
1363900720000,Cable1_789,-1.2117
1363904321000,Cable1_789,-1.1186
